PDB ID,TM-score,RMSD
8E3Y_R.pdb,0.81246,3.35
6WI9_R.pdb,0.80358,3.22
6X18_R.pdb,0.88132,2.61
7VQX_R.pdb,0.76848,3.89
7YON_R.pdb,0.54987,4.15
